FilePath,Title,Tags,SourceUrl,Creator,License,CommercialUse,AttributionRequired,Approved,Notes
"C:\Users\willi\Documents\Codex\2026-06-06\i-want-to-create-something-that\outputs\jazz-content-scheduler\visual-sources\approved-videos\pexels-29459385-cozy-bedroom-studio-with-laptop.mp4","https://www.pexels.com/video/elegant-modern-interior-design-showcasing-cozy-spaces-29459385/","pexels query Cozy bedroom studio with laptop","https://www.pexels.com/video/elegant-modern-interior-design-showcasing-cozy-spaces-29459385/","Kanvas Designs","Pexels License","yes","recommended","yes","Auto-sourced during render on 2026-08-03T16:15:16.2246471+01:00. Query: Cozy bedroom studio with laptop."
"C:\Users\willi\Documents\Codex\2026-06-06\i-want-to-create-something-that\outputs\jazz-content-scheduler\visual-sources\approved-videos\pexels-30795313-lamp.mp4","https://www.pexels.com/video/snowy-street-scene-with-vintage-lamp-post-30795313/","pexels query lamp","https://www.pexels.com/video/snowy-street-scene-with-vintage-lamp-post-30795313/","Hanifi Sarıkaya","Pexels License","yes","recommended","yes","Auto-sourced during render on 2026-08-03T16:16:34.6066574+01:00. Query: lamp."
"C:\Users\willi\Documents\Codex\2026-06-06\i-want-to-create-something-that\outputs\jazz-content-scheduler\visual-sources\approved-videos\pixabay-255761-plush-lounge-with-velvet-seats.mp4","Pixabay video 255761","airline, airplane, airplane window, airport, arrival, background, city at night with stars, city lights, city skyline, welcome, cityscape, destination, downtown, flight, landing, night city image view, night sky, noi bai international airport, plane window, skyline, terminal, view, window, window seat view pixabay query Plush lounge with velvet seats","https://pixabay.com/videos/id-255761/","luongleddata","Pixabay Content License","yes","not required","yes","Auto-sourced during render on 2026-08-03T16:20:07.0696427+01:00. Query: Plush lounge with velvet seats."
"C:\Users\willi\Documents\Codex\2026-06-06\i-want-to-create-something-that\outputs\jazz-content-scheduler\visual-sources\approved-videos\pixabay-122508-espresso-and-soft-lighting.mp4","Pixabay video 122508","latte, coffee, cafe, restaurant, drink, glass, cream, shop, trip, chocolate, cup, espresso, cappuccino, night, bar pixabay query espresso and soft lighting","https://pixabay.com/videos/id-122508/","Engin_Akyurt","Pixabay Content License","yes","not required","yes","Auto-sourced during render on 2026-08-03T16:22:07.5086792+01:00. Query: espresso and soft lighting."
"C:\Users\willi\Documents\Codex\2026-06-06\i-want-to-create-something-that\outputs\jazz-content-scheduler\visual-sources\approved-videos\pexels-36956436-swirling-latte-art-and-colorful-abstract-light.mp4","https://www.pexels.com/video/vibrant-neon-light-streaks-in-motion-36956436/","pexels query Swirling latte art and colorful abstract light","https://www.pexels.com/video/vibrant-neon-light-streaks-in-motion-36956436/","Nicola Narracci","Pexels License","yes","recommended","yes","Auto-sourced during render on 2026-08-03T16:25:41.0734962+01:00. Query: Swirling latte art and colorful abstract light."
"C:\Users\willi\Documents\Codex\2026-06-06\i-want-to-create-something-that\outputs\jazz-content-scheduler\visual-sources\approved-videos\pixabay-199015-swirling-latte-art-and-colorful-abstract-light.mp4","Pixabay video 199015","gradient, waves, colorful, abstract, bright, digital, dynamic, futuristic, luminous, beautiful wallpaper, stylish, visual effects, light, motion, background, wallpaper pixabay query Swirling latte art and colorful abstract light","https://pixabay.com/videos/id-199015/","draisthetic","Pixabay Content License","yes","not required","yes","Auto-sourced during render on 2026-08-03T16:27:26.7719011+01:00. Query: Swirling latte art and colorful abstract light."
"C:\Users\willi\Documents\Codex\2026-06-06\i-want-to-create-something-that\outputs\jazz-content-scheduler\visual-sources\approved-videos\pexels-30799138-sunset-over-hills-with-acoustic-guitar-and-warm-sky.mp4","https://www.pexels.com/video/scenic-sunset-over-rolling-hills-with-colorful-sky-30799138/","pexels query Sunset over hills with acoustic guitar and warm sky","https://www.pexels.com/video/scenic-sunset-over-rolling-hills-with-colorful-sky-30799138/","Rana g","Pexels License","yes","recommended","yes","Auto-sourced during render on 2026-08-03T16:31:35.7480715+01:00. Query: Sunset over hills with acoustic guitar and warm sky."
"C:\Users\willi\Documents\Codex\2026-06-06\i-want-to-create-something-that\outputs\jazz-content-scheduler\visual-sources\approved-videos\pexels-17366143-acoustic-guitar.mp4","https://www.pexels.com/video/beach-music-17366143/","pexels query Acoustic guitar","https://www.pexels.com/video/beach-music-17366143/","Tin Mazzo","Pexels License","yes","recommended","yes","Auto-sourced during render on 2026-08-03T16:33:37.6725808+01:00. Query: Acoustic guitar."
"C:\Users\willi\Documents\Codex\2026-06-06\i-want-to-create-something-that\outputs\jazz-content-scheduler\visual-sources\approved-videos\pixabay-243196-rio-cafe-morning-with-sunlight-and-breakfast-coffee.mp4","Pixabay video 243196","sunrise, mountains, mountain scenery, sunlight, morning sun, landscape, nature, morning light pixabay query Rio cafe morning with sunlight and breakfast coffee","https://pixabay.com/videos/id-243196/","adege","Pixabay Content License","yes","not required","yes","Auto-sourced during render on 2026-08-04T09:13:54.3712203+01:00. Query: Rio cafe morning with sunlight and breakfast coffee."
"C:\Users\willi\Documents\Codex\2026-06-06\i-want-to-create-something-that\outputs\jazz-content-scheduler\visual-sources\approved-videos\pexels-10665529-nylon-guitar.mp4","https://www.pexels.com/video/close-up-on-hand-playing-on-guitar-10665529/","pexels query Nylon guitar","https://www.pexels.com/video/close-up-on-hand-playing-on-guitar-10665529/","Dmitry Marchenkov","Pexels License","yes","recommended","yes","Auto-sourced during render on 2026-08-04T09:15:38.3191503+01:00. Query: Nylon guitar."
"C:\Users\willi\Documents\Codex\2026-06-06\i-want-to-create-something-that\outputs\jazz-content-scheduler\visual-sources\approved-videos\pexels-32393431-coffee-and-vinyl.mp4","https://www.pexels.com/video/vintage-record-store-with-vinyl-collection-and-turntables-32393431/","pexels query coffee and vinyl","https://www.pexels.com/video/vintage-record-store-with-vinyl-collection-and-turntables-32393431/","Yee","Pexels License","yes","recommended","yes","Auto-sourced during render on 2026-08-04T09:19:44.2522352+01:00. Query: coffee and vinyl."
"C:\Users\willi\Documents\Codex\2026-06-06\i-want-to-create-something-that\outputs\jazz-content-scheduler\visual-sources\approved-videos\pexels-35332004-cozy-bedroom-studio-with-laptop-ambience.mp4","https://www.pexels.com/video/focused-work-from-home-setup-at-night-35332004/","pexels query Cozy bedroom studio with laptop ambience","https://www.pexels.com/video/focused-work-from-home-setup-at-night-35332004/","Artem Shutkin","Pexels License","yes","recommended","yes","Auto-sourced during render on 2026-08-04T09:21:36.6040328+01:00. Query: Cozy bedroom studio with laptop ambience."
"C:\Users\willi\Documents\Codex\2026-06-06\i-want-to-create-something-that\outputs\jazz-content-scheduler\visual-sources\approved-videos\pexels-8331699-grand-piano.mp4","https://www.pexels.com/video/close-up-video-of-a-person-playing-piano-8331699/","pexels query Grand piano","https://www.pexels.com/video/close-up-video-of-a-person-playing-piano-8331699/","ROMAN ODINTSOV","Pexels License","yes","recommended","yes","Auto-sourced during render on 2026-08-04T09:25:54.6278670+01:00. Query: Grand piano."
"C:\Users\willi\Documents\Codex\2026-06-06\i-want-to-create-something-that\outputs\jazz-content-scheduler\visual-sources\approved-videos\pixabay-16224-grand-piano-at-night-in-a-small-jazz-club.mp4","Pixabay video 16224","background, sample, flooded, rain, textures, beautiful wallpaper, wallpaper, glass, weeping, water, design, blur, drops, night lights, a drop, water drops, warmly, macro, lights, air, city, night, night city pixabay query Grand piano at night in a small jazz club","https://pixabay.com/videos/id-16224/","Gam-Ol","Pixabay Content License","yes","not required","yes","Auto-sourced during render on 2026-08-04T09:28:22.9589179+01:00. Query: Grand piano at night in a small jazz club."
"C:\Users\willi\Documents\Codex\2026-06-06\i-want-to-create-something-that\outputs\jazz-content-scheduler\visual-sources\approved-videos\pexels-32014631-infinite-coffee-stream-and-slow-motion-pour-over-ritual.mp4","https://www.pexels.com/video/pour-over-coffee-brewing-in-chemex-32014631/","pexels query Infinite coffee stream and slow motion pour over ritual","https://www.pexels.com/video/pour-over-coffee-brewing-in-chemex-32014631/","Israyosoy S.","Pexels License","yes","recommended","yes","Auto-sourced during render on 2026-08-04T09:33:11.0335442+01:00. Query: Infinite coffee stream and slow motion pour over ritual."
"C:\Users\willi\Documents\Codex\2026-06-06\i-want-to-create-something-that\outputs\jazz-content-scheduler\visual-sources\approved-videos\pixabay-4882-infinite-coffee-stream-and-slow-motion-pour-over-ritual.mp4","Pixabay video 4882","coffee, cup, tea, hot, pour, drink, porcelain, espresso, brown, breakfast pixabay query Infinite coffee stream and slow motion pour over ritual","https://pixabay.com/videos/id-4882/","klimkin","Pixabay Content License","yes","not required","yes","Auto-sourced during render on 2026-08-04T09:35:14.6781132+01:00. Query: Infinite coffee stream and slow motion pour over ritual."
"C:\Users\willi\Documents\Codex\2026-06-06\i-want-to-create-something-that\outputs\jazz-content-scheduler\visual-sources\approved-videos\pixabay-343867-sunset-beach-with-samba-energy-and-warm-colors.mp4","Pixabay video 343867","remote, sunset, beach, island, ocean, serene, vacation, sand, horizon, peaceful, seascape, tranquil, shore, calm, paradise, summer, tropical, warm, coast, sea, sunlight, calmness, orange, sunrise, coastal pixabay query Sunset beach with samba energy and warm colors","https://pixabay.com/videos/id-343867/","Mario_Krimer","Pixabay Content License","yes","not required","yes","Auto-sourced during render on 2026-08-04T09:40:19.6522403+01:00. Query: Sunset beach with samba energy and warm colors."
"C:\Users\willi\Documents\Codex\2026-06-06\i-want-to-create-something-that\outputs\jazz-content-scheduler\visual-sources\approved-videos\pixabay-32279-sunset-beach-with-samba-energy-and-warm-colors.mp4","Pixabay video 32279","sunset, heaven, summer, sea, sun, water, clouds, beach, dusk, ocean, sand, seascape, waves, time-lapse photography, move, mood, romantic, warm, tropical pixabay query Sunset beach with samba energy and warm colors","https://pixabay.com/videos/id-32279/","Peggy_Marco","Pixabay Content License","yes","not required","yes","Auto-sourced during render on 2026-08-04T09:42:27.5174779+01:00. Query: Sunset beach with samba energy and warm colors."
"C:\Users\willi\Documents\Codex\2026-06-06\i-want-to-create-something-that\outputs\jazz-content-scheduler\visual-sources\approved-videos\pixabay-366823-cinematic-peru-landscape.mp4","Pixabay video 366823","drone, aerial, drone footage, nature, landscape, summer, evening, sunset, golden hour, countryside, forest, green, scenic, tranquil, peaceful, cinematic, 4k, outdoors, travel, aerial view pixabay query cinematic Peru landscape","https://pixabay.com/videos/id-366823/","SrDali","Pixabay Content License","yes","not required","yes","Auto-sourced during render on 2026-08-04T09:47:27.4484159+01:00. Query: cinematic Peru landscape."
"C:\Users\willi\Documents\Codex\2026-06-06\i-want-to-create-something-that\outputs\jazz-content-scheduler\visual-sources\approved-videos\pixabay-175713-coffee-plantation-hillside.mp4","Pixabay video 175713","vegetables, leaves, plantation, crop, agriculture, farm, field, food, freshness, green, growth, healthy eating, land, organic, plant, produce, rural scene, landscape pixabay query Coffee plantation hillside","https://pixabay.com/videos/id-175713/","Sunchai199","Pixabay Content License","yes","not required","yes","Auto-sourced during render on 2026-08-04T09:50:07.8708880+01:00. Query: Coffee plantation hillside."
"C:\Users\willi\Documents\Codex\2026-06-06\i-want-to-create-something-that\outputs\jazz-content-scheduler\visual-sources\approved-videos\pexels-6647092-flute.mp4","https://www.pexels.com/video/a-female-playing-a-flute-6647092/","pexels query Flute","https://www.pexels.com/video/a-female-playing-a-flute-6647092/","Charles Parker","Pexels License","yes","recommended","yes","Auto-sourced during render on 2026-08-06T21:35:05.6988325+01:00. Query: Flute."
"C:\Users\willi\Documents\Codex\2026-06-06\i-want-to-create-something-that\outputs\jazz-content-scheduler\visual-sources\approved-videos\pixabay-84226-coffee-plantation-hillside.mp4","Pixabay video 84226","grapes, plantation, viticulture, leaves, fruit, wine, plant, green, cultivation, vineyard, nature, grapevine, tuscany, italy, cultivated, field pixabay query Coffee plantation hillside","https://pixabay.com/videos/id-84226/","Kmeel_com","Pixabay Content License","yes","not required","yes","Auto-sourced during render on 2026-08-06T21:36:36.7279082+01:00. Query: Coffee plantation hillside."
"C:\Users\willi\Documents\Codex\2026-06-06\i-want-to-create-something-that\outputs\jazz-content-scheduler\visual-sources\approved-videos\pixabay-39292-cozy-bedroom-studio-with-laptop.mp4","Pixabay video 39292","curtain, inside, house, room, weekend, bathrobe, windows, home, bedroom, quarantine, covid, lockdown, rest, calm, quiet, silence pixabay query Cozy bedroom studio with laptop","https://pixabay.com/videos/id-39292/","CycleZyklusCiclo","Pixabay Content License","yes","not required","yes","Auto-sourced during render on 2026-08-06T21:40:38.9597750+01:00. Query: Cozy bedroom studio with laptop."
"C:\Users\willi\Documents\Codex\2026-06-06\i-want-to-create-something-that\outputs\jazz-content-scheduler\visual-sources\approved-videos\pexels-6273977-soft-bass.mp4","https://www.pexels.com/video/men-performing-on-stage-6273977/","pexels query soft bass","https://www.pexels.com/video/men-performing-on-stage-6273977/","Artem Podrez","Pexels License","yes","recommended","yes","Auto-sourced during render on 2026-08-06T21:42:53.0235230+01:00. Query: soft bass."
"C:\Users\willi\Documents\Codex\2026-06-06\i-want-to-create-something-that\outputs\jazz-content-scheduler\visual-sources\approved-videos\pexels-34163979-rio-cafe-morning-with-sunlight-and-breakfast-coffee.mp4","https://www.pexels.com/video/warm-heart-latte-art-in-cozy-cafe-34163979/","pexels query Rio cafe morning with sunlight and breakfast coffee","https://www.pexels.com/video/warm-heart-latte-art-in-cozy-cafe-34163979/","Airam Dato-on","Pexels License","yes","recommended","yes","Auto-sourced during render on 2026-08-06T21:46:25.1710014+01:00. Query: Rio cafe morning with sunlight and breakfast coffee."
"C:\Users\willi\Documents\Codex\2026-06-06\i-want-to-create-something-that\outputs\jazz-content-scheduler\visual-sources\approved-videos\pixabay-133606-rio-cafe-morning-with-sunlight-and-breakfast-coffee.mp4","Pixabay video 133606","sign, coffee, espresso, cafe, restaurant, caffeine, bar, drink, break, breakfast, writing, plaque, logo, concept, idea, design, symbol, sea, wave, ocean, coast, beach pixabay query Rio cafe morning with sunlight and breakfast coffee","https://pixabay.com/videos/id-133606/","Engin_Akyurt","Pixabay Content License","yes","not required","yes","Auto-sourced during render on 2026-08-06T21:48:47.5497890+01:00. Query: Rio cafe morning with sunlight and breakfast coffee."
"C:\Users\willi\Documents\Codex\2026-06-06\i-want-to-create-something-that\outputs\jazz-content-scheduler\visual-sources\approved-videos\pexels-3643609-sunset-beach-with-samba-energy-and-warm-colors.mp4","https://www.pexels.com/video/sandy-beach-with-view-of-sunset-3643609/","pexels query Sunset beach with samba energy and warm colors","https://www.pexels.com/video/sandy-beach-with-view-of-sunset-3643609/","Darli Donizete","Pexels License","yes","recommended","yes","Auto-sourced during render on 2026-08-07T11:09:21.4345242+01:00. Query: Sunset beach with samba energy and warm colors."
"C:\Users\willi\Documents\Codex\2026-06-06\i-want-to-create-something-that\outputs\jazz-content-scheduler\visual-sources\approved-videos\pexels-29598481-coastal-cafe-sunset.mp4","https://www.pexels.com/video/peaceful-sunset-at-coastal-cafe-with-boats-29598481/","pexels query coastal cafe sunset","https://www.pexels.com/video/peaceful-sunset-at-coastal-cafe-with-boats-29598481/","Hülya Ermiş Belek","Pexels License","yes","recommended","yes","Auto-sourced during render on 2026-08-07T11:18:36.2468520+01:00. Query: coastal cafe sunset."
"C:\Users\willi\Documents\Codex\2026-06-06\i-want-to-create-something-that\outputs\jazz-content-scheduler\visual-sources\approved-videos\pixabay-107140-cozy-bedroom-studio-with-laptop.mp4","Pixabay video 107140","tape, registration, sound, pulley, retro, nostalgic, studio, reel to reel tape recorder, reel tape, real to real pixabay query Cozy bedroom studio with laptop","https://pixabay.com/videos/id-107140/","mootlak","Pixabay Content License","yes","not required","yes","Auto-sourced during render on 2026-08-07T11:20:23.3042942+01:00. Query: Cozy bedroom studio with laptop."
"C:\Users\willi\Documents\Codex\2026-06-06\i-want-to-create-something-that\outputs\jazz-content-scheduler\visual-sources\approved-videos\pexels-34056845-small-jazz-club-piano.mp4","https://www.pexels.com/video/close-up-of-hands-playing-digital-piano-indoors-34056845/","pexels query small jazz club piano","https://www.pexels.com/video/close-up-of-hands-playing-digital-piano-indoors-34056845/","Thuan Pham","Pexels License","yes","recommended","yes","Auto-sourced during render on 2026-08-07T12:31:16.7946449+01:00. Query: small jazz club piano."
"C:\Users\willi\Documents\Codex\2026-06-06\i-want-to-create-something-that\outputs\jazz-content-scheduler\visual-sources\approved-videos\pexels-29136191-rhodes-piano.mp4","https://www.pexels.com/video/peaceful-beach-sunset-meditation-scene-29136191/","pexels query Rhodes piano","https://www.pexels.com/video/peaceful-beach-sunset-meditation-scene-29136191/","Travel with Mac","Pexels License","yes","recommended","yes","Auto-sourced during render on 2026-08-07T12:35:20.8284039+01:00. Query: Rhodes piano."
"C:\Users\willi\Documents\Codex\2026-06-06\i-want-to-create-something-that\outputs\jazz-content-scheduler\visual-sources\approved-videos\pixabay-6395-cozy-bedroom-studio-with-laptop.mp4","Pixabay video 6395","office, beautiful wallpaper, desk, computer, work, bokeh, blur, background, business, table, room, screen, technology, laptop, workplace, notebook, desktop pixabay query Cozy bedroom studio with laptop","https://pixabay.com/videos/id-6395/","Coverr-Free-Footage","Pixabay Content License","yes","not required","yes","Auto-sourced during render on 2026-08-07T12:37:16.6698274+01:00. Query: Cozy bedroom studio with laptop."
"C:\Users\willi\Documents\Codex\2026-06-06\i-want-to-create-something-that\outputs\jazz-content-scheduler\visual-sources\approved-videos\pexels-35471136-cafe-da-manha-table.mp4","https://www.pexels.com/video/coastal-cafe-overlooking-a-busy-harbor-35471136/","pexels query cafe da manha table","https://www.pexels.com/video/coastal-cafe-overlooking-a-busy-harbor-35471136/","Emir Taha Ergün","Pexels License","yes","recommended","yes","Auto-sourced during render on 2026-08-07T12:44:00.7563087+01:00. Query: cafe da manha table."
"C:\Users\willi\Documents\Codex\2026-06-06\i-want-to-create-something-that\outputs\jazz-content-scheduler\visual-sources\approved-videos\pixabay-336149-rio-cafe-morning-with-sunlight-and-breakfast-coffee.mp4","Pixabay video 336149","brazil, brasil, braziltravel, visitbrasil, riodejaneiro, rio, saopaulo, amazonrainforest, amazonas, nature, braziliannature, beach, sunsets, nightlife, brazilsky, cityscape, urbanexplorer, beautifuldestinations, travelgram, southamerica, landscapes, vacation, naturephotography, streetstyle, copacabana pixabay query Rio cafe morning with sunlight and breakfast coffee","https://pixabay.com/videos/id-336149/","MoonLight1122","Pixabay Content License","yes","not required","yes","Auto-sourced during render on 2026-08-07T12:45:45.4958862+01:00. Query: Rio cafe morning with sunlight and breakfast coffee."
"C:\Users\willi\Documents\Codex\2026-06-06\i-want-to-create-something-that\outputs\jazz-content-scheduler\visual-sources\approved-videos\pixabay-121707-coffee-plantation-hillside.mp4","Pixabay video 121707","mountains, cabin, hut, fields, plantation, north pixabay query Coffee plantation hillside","https://pixabay.com/videos/id-121707/","cháº£olá»","Pixabay Content License","yes","not required","yes","Auto-sourced during render on 2026-08-07T12:49:27.1535427+01:00. Query: Coffee plantation hillside."
"C:\Users\willi\Documents\Codex\2026-06-06\i-want-to-create-something-that\outputs\jazz-content-scheduler\visual-sources\approved-videos\pexels-29046039-mountain-valley-clouds.mp4","https://www.pexels.com/video/majestic-mountain-sunrise-over-vast-landscape-29046039/","pexels query mountain valley clouds","https://www.pexels.com/video/majestic-mountain-sunrise-over-vast-landscape-29046039/","Marius Nacu","Pexels License","yes","recommended","yes","Auto-sourced during render on 2026-08-07T12:50:47.1629497+01:00. Query: mountain valley clouds."
"C:\Users\willi\Documents\Codex\2026-06-06\i-want-to-create-something-that\outputs\jazz-content-scheduler\visual-sources\approved-videos\pexels-36251627-brush-drums.mp4","https://www.pexels.com/video/nighttime-drumming-performance-at-outdoor-market-36251627/","pexels query brush drums","https://www.pexels.com/video/nighttime-drumming-performance-at-outdoor-market-36251627/","Fahad Puthawala","Pexels License","yes","recommended","yes","Auto-sourced during render on 2026-08-07T13:14:01.2519858+01:00. Query: brush drums."
"C:\Users\willi\Documents\Codex\2026-06-06\i-want-to-create-something-that\outputs\jazz-content-scheduler\visual-sources\approved-videos\pixabay-50050-grand-piano.mp4","Pixabay video 50050","buildings, sunset, city, night, dusk, fantastic, grand, clouds, urban, electricity, motion, fast pixabay query Grand piano","https://pixabay.com/videos/id-50050/","fernandodb80","Pixabay Content License","yes","not required","yes","Auto-sourced during render on 2026-08-07T13:15:49.6664746+01:00. Query: Grand piano."
"C:\Users\willi\Documents\Codex\2026-06-06\i-want-to-create-something-that\outputs\jazz-content-scheduler\visual-sources\approved-videos\pixabay-140380-cozy-bedroom-studio-with-laptop.mp4","Pixabay video 140380","fireplace, fire, flames, heat, cozy, warm, bright pixabay query Cozy bedroom studio with laptop","https://pixabay.com/videos/id-140380/","u_mox9796ew5","Pixabay Content License","yes","not required","yes","Auto-sourced during render on 2026-08-07T13:21:09.5126906+01:00. Query: Cozy bedroom studio with laptop."
"C:\Users\willi\Documents\Codex\2026-06-06\i-want-to-create-something-that\outputs\jazz-content-scheduler\visual-sources\approved-videos\pixabay-142957-lamp.mp4","Pixabay video 142957","historic center, castle, statue, art, city, trees, street lamp, to stroll, italy, bar pixabay query lamp","https://pixabay.com/videos/id-142957/","GIUSEPPE-DE-BERGOLIS","Pixabay Content License","yes","not required","yes","Auto-sourced during render on 2026-08-07T13:24:09.5099060+01:00. Query: lamp."
"C:\Users\willi\Documents\Codex\2026-06-06\i-want-to-create-something-that\outputs\jazz-content-scheduler\visual-sources\approved-videos\pexels-34698349-coffee-plantation-hillside-ambience.mp4","https://www.pexels.com/video/scenic-mountain-village-with-lush-greenery-34698349/","pexels query Coffee plantation hillside ambience","https://www.pexels.com/video/scenic-mountain-village-with-lush-greenery-34698349/","just a hobby","Pexels License","yes","recommended","yes","Auto-sourced during render on 2026-08-07T13:29:33.1697164+01:00. Query: Coffee plantation hillside ambience."
"C:\Users\willi\Documents\Codex\2026-06-06\i-want-to-create-something-that\outputs\jazz-content-scheduler\visual-sources\approved-videos\pixabay-231246-coffee-plantation-hillside.mp4","Pixabay video 231246","field, paddy field, plantation, agriculture, rural, rice, plant, paddy, farmer, farm, countryside, worker, season, outdoor, organic, holding, harvesting, vietnam, thailand, nature pixabay query Coffee plantation hillside","https://pixabay.com/videos/id-231246/","TungArt7","Pixabay Content License","yes","not required","yes","Auto-sourced during render on 2026-08-07T13:32:01.2965318+01:00. Query: Coffee plantation hillside."
"C:\Users\willi\Documents\Codex\2026-06-06\i-want-to-create-something-that\outputs\jazz-content-scheduler\visual-sources\approved-videos\pixabay-122504-rio-cafe-morning-with-sunlight-and-breakfast-coffee.mp4","Pixabay video 122504","coffee, morning, caffeine, barista, bar, to prepare, fresh, healthy, diet, glass, cappuccino, cup, espresso, cafe, kitchen pixabay query Rio cafe morning with sunlight and breakfast coffee","https://pixabay.com/videos/id-122504/","Engin_Akyurt","Pixabay Content License","yes","not required","yes","Auto-sourced during render on 2026-08-07T13:36:49.7636709+01:00. Query: Rio cafe morning with sunlight and breakfast coffee."
"C:\Users\willi\Documents\Codex\2026-06-06\i-want-to-create-something-that\outputs\jazz-content-scheduler\visual-sources\approved-videos\pexels-17229074-bossa-percussion.mp4","https://www.pexels.com/video/a-group-of-young-men-playing-guitar-and-drums-17229074/","pexels query bossa percussion","https://www.pexels.com/video/a-group-of-young-men-playing-guitar-and-drums-17229074/","Siarhei Dalivelia","Pexels License","yes","recommended","yes","Auto-sourced during render on 2026-08-07T13:39:01.5355959+01:00. Query: bossa percussion."
"C:\Users\willi\Documents\Codex\2026-06-06\i-want-to-create-something-that\outputs\jazz-content-scheduler\visual-sources\approved-videos\pexels-36188102-ride-cymbal.mp4","https://www.pexels.com/video/vibrant-mexican-carnival-street-performance-36188102/","pexels query ride cymbal","https://www.pexels.com/video/vibrant-mexican-carnival-street-performance-36188102/","Israyosoy S.","Pexels License","yes","recommended","yes","Auto-sourced during render on 2026-08-07T14:12:48.1521029+01:00. Query: ride cymbal."
"C:\Users\willi\Documents\Codex\2026-06-06\i-want-to-create-something-that\outputs\jazz-content-scheduler\visual-sources\approved-videos\pexels-35777041-warm-ocean-coffee.mp4","https://www.pexels.com/video/sunset-coffee-with-scenic-outdoor-backdrop-35777041/","pexels query warm ocean coffee","https://www.pexels.com/video/sunset-coffee-with-scenic-outdoor-backdrop-35777041/","benedicto 13","Pexels License","yes","recommended","yes","Auto-sourced during render on 2026-08-07T14:15:05.5290744+01:00. Query: warm ocean coffee."
"C:\Users\willi\Documents\Codex\2026-06-06\i-want-to-create-something-that\outputs\jazz-content-scheduler\visual-sources\approved-videos\pexels-34771083-warm-desk-lamp-ambience.mp4","https://www.pexels.com/video/elegant-vietnamese-lamp-by-sunlit-window-34771083/","pexels query warm desk lamp ambience","https://www.pexels.com/video/elegant-vietnamese-lamp-by-sunlit-window-34771083/","Anh Nguyen","Pexels License","yes","recommended","yes","Auto-sourced during render on 2026-08-07T14:19:43.8069141+01:00. Query: warm desk lamp ambience."
"C:\Users\willi\Documents\Codex\2026-06-06\i-want-to-create-something-that\outputs\jazz-content-scheduler\visual-sources\approved-videos\pixabay-334250-soft-bass.mp4","Pixabay video 334250","cozy bedroom, fireplace, cinemagraph, warm lighting, bedroom aesthetic, relaxing fire, cozy vibes, nighttime aesthetic, calm atmosphere, soft lighting, peaceful room, ambient loop, home comfort, hygge style, relaxation, interior aesthetic, soothing visuals, quiet night, warm glow, comfort space, cozy home, tranquil mood, bedtime vibes, aesthetic room, calming video, ai generated pixabay query soft bass","https://pixabay.com/videos/id-334250/","IAmTheDrama","Pixabay Content License","yes","not required","yes","Auto-sourced during render on 2026-08-07T14:22:08.7777956+01:00. Query: soft bass."
"C:\Users\willi\Documents\Codex\2026-06-06\i-want-to-create-something-that\outputs\jazz-content-scheduler\visual-sources\approved-videos\pexels-35318605-warm-cafe-interior.mp4","https://www.pexels.com/video/contemporary-cafe-interior-with-french-windows-35318605/","pexels query warm cafe interior","https://www.pexels.com/video/contemporary-cafe-interior-with-french-windows-35318605/","tim liao","Pexels License","yes","recommended","yes","Auto-sourced during render on 2026-08-07T14:26:44.2036708+01:00. Query: warm cafe interior."
"C:\Users\willi\Documents\Codex\2026-06-06\i-want-to-create-something-that\outputs\jazz-content-scheduler\visual-sources\approved-videos\pixabay-93268-rio-cafe-morning-with-sunlight-and-breakfast-coffee.mp4","Pixabay video 93268","coffee, cup, espresso, mocha, drink, soft drinks, food, dark, milk, delicious, yummy, morning, breakfast, hot, torn, background, beautiful wallpaper, caffeine, cafe, restaurant, close, macro, kitchen pixabay query Rio cafe morning with sunlight and breakfast coffee","https://pixabay.com/videos/id-93268/","Engin_Akyurt","Pixabay Content License","yes","not required","yes","Auto-sourced during render on 2026-08-07T14:29:22.1017510+01:00. Query: Rio cafe morning with sunlight and breakfast coffee."
"C:\Users\willi\Documents\Codex\2026-06-06\i-want-to-create-something-that\outputs\jazz-content-scheduler\visual-sources\approved-videos\pixabay-31364-sunset-beach-with-samba-energy-and-warm-colors.mp4","Pixabay video 31364","ocean, sunset, beach, waves, sky, color, warm, summer, italy, genoa, travel, tourism, colorful, sea, sunrise, water, nature, dusk, evening, reflection, dawn, twilight, sun, mediterranean pixabay query Sunset beach with samba energy and warm colors","https://pixabay.com/videos/id-31364/","caelan","Pixabay Content License","yes","not required","yes","Auto-sourced during render on 2026-08-07T14:34:24.4256419+01:00. Query: Sunset beach with samba energy and warm colors."
"C:\Users\willi\Documents\Codex\2026-06-06\i-want-to-create-something-that\outputs\jazz-content-scheduler\visual-sources\approved-videos\pexels-36258281-samba-percussion.mp4","https://www.pexels.com/video/street-dance-festival-in-lively-urban-scene-36258281/","pexels query Samba percussion","https://www.pexels.com/video/street-dance-festival-in-lively-urban-scene-36258281/","Belén Montero I presetspix.etsy.com","Pexels License","yes","recommended","yes","Auto-sourced during render on 2026-08-07T14:36:42.2484228+01:00. Query: Samba percussion."
"C:\Users\willi\Documents\Codex\2026-06-06\i-want-to-create-something-that\outputs\jazz-content-scheduler\visual-sources\approved-videos\pexels-36360308-tropical-evening-music.mp4","https://www.pexels.com/video/tropical-palm-trees-at-sunset-by-the-ocean-36360308/","pexels query tropical evening music","https://www.pexels.com/video/tropical-palm-trees-at-sunset-by-the-ocean-36360308/","Ankit Pathak","Pexels License","yes","recommended","yes","Auto-sourced during render on 2026-08-07T15:00:17.8545817+01:00. Query: tropical evening music."
"C:\Users\willi\Documents\Codex\2026-06-06\i-want-to-create-something-that\outputs\jazz-content-scheduler\visual-sources\approved-videos\pixabay-169442-tropical-evening-music.mp4","Pixabay video 169442","beach, sea, stone, rocky coast, tropical, mountain, island, water, evening, shore, sunset, drone, seashore, exotic, samui, koh smaui, sand, scene, tropical island, holiday, climate, thailand pixabay query tropical evening music","https://pixabay.com/videos/id-169442/","magicmore","Pixabay Content License","yes","not required","yes","Auto-sourced during render on 2026-08-07T15:02:59.4999357+01:00. Query: tropical evening music."
"C:\Users\willi\Documents\Codex\2026-06-06\i-want-to-create-something-that\outputs\jazz-content-scheduler\visual-sources\approved-videos\pexels-32077398-tropical-coffee-morning.mp4","https://www.pexels.com/video/relaxing-beach-coffee-in-croatia-32077398/","pexels query tropical coffee morning","https://www.pexels.com/video/relaxing-beach-coffee-in-croatia-32077398/","Marina Endzhirgli","Pexels License","yes","recommended","yes","Auto-sourced during render on 2026-08-07T15:06:54.0460219+01:00. Query: tropical coffee morning."
"C:\Users\willi\Documents\Codex\2026-06-06\i-want-to-create-something-that\outputs\jazz-content-scheduler\visual-sources\approved-videos\pixabay-320184-nylon-guitar.mp4","Pixabay video 320184","istanbul, seaside, turkey, turkiye, nature, beach, sea, landscape, music, guitar, sunset, moon, birds, lunar, islands pixabay query Nylon guitar","https://pixabay.com/videos/id-320184/","yaseroni","Pixabay Content License","yes","not required","yes","Auto-sourced during render on 2026-08-07T15:08:36.1998435+01:00. Query: Nylon guitar."
"C:\Users\willi\Documents\Codex\2026-06-06\i-want-to-create-something-that\outputs\jazz-content-scheduler\visual-sources\approved-videos\pixabay-3160-cozy-bedroom-studio-with-laptop.mp4","Pixabay video 3160","laptop, keyboard, typing, writing, notebook, computer, work, business, technology, office, communication, working, education, desk, programmer, computer keyboard, programming, hands, fingers pixabay query Cozy bedroom studio with laptop","https://pixabay.com/videos/id-3160/","Coverr-Free-Footage","Pixabay Content License","yes","not required","yes","Auto-sourced during render on 2026-08-07T15:12:13.6188650+01:00. Query: Cozy bedroom studio with laptop."
"C:\Users\willi\Documents\Codex\2026-06-06\i-want-to-create-something-that\outputs\jazz-content-scheduler\visual-sources\approved-videos\pexels-35099181-rainy-bedroom-window.mp4","https://www.pexels.com/video/nighttime-cityscape-with-rain-on-window-35099181/","pexels query rainy bedroom window","https://www.pexels.com/video/nighttime-cityscape-with-rain-on-window-35099181/","dicle dağkıran","Pexels License","yes","recommended","yes","Auto-sourced during render on 2026-08-07T15:14:09.7839221+01:00. Query: rainy bedroom window."
"C:\Users\willi\Documents\Codex\2026-06-06\i-want-to-create-something-that\outputs\jazz-content-scheduler\visual-sources\approved-videos\pixabay-227158-grand-piano.mp4","Pixabay video 227158","piano, instrument, musician, playing, jazz, pianist, classic, music, african pixabay query Grand piano","https://pixabay.com/videos/id-227158/","Nikitinin","Pixabay Content License","yes","not required","yes","Auto-sourced during render on 2026-08-07T15:18:10.6650545+01:00. Query: Grand piano."
"C:\Users\willi\Documents\Codex\2026-06-06\i-want-to-create-something-that\outputs\jazz-content-scheduler\visual-sources\approved-videos\pixabay-93664-grand-piano-at-night-in-a-small-jazz-club.mp4","Pixabay video 93664","hotel, hotel at night, hotel in wales, hotel on corner, uk hotel, building, orange sky pixabay query Grand piano at night in a small jazz club","https://pixabay.com/videos/id-93664/","7threst","Pixabay Content License","yes","not required","yes","Auto-sourced during render on 2026-08-07T15:20:03.2803047+01:00. Query: Grand piano at night in a small jazz club."
"C:\Users\willi\Documents\Codex\2026-06-06\i-want-to-create-something-that\outputs\jazz-content-scheduler\visual-sources\approved-videos\pixabay-45448-nylon-guitar.mp4","Pixabay video 45448","music, guitar, instrument, play, musical instruments, concert, drummer, band, rhythm, musical, sound, leisure, swot, musician, rock, entertainment, pop, audio, bass, sound studio, electric guitar, guitarist pixabay query Nylon guitar","https://pixabay.com/videos/id-45448/","Josh_Malic","Pixabay Content License","yes","not required","yes","Auto-sourced during render on 2026-08-11T12:07:35.6297483+01:00. Query: Nylon guitar."
"C:\Users\willi\Documents\Codex\2026-06-06\i-want-to-create-something-that\outputs\jazz-content-scheduler\visual-sources\approved-videos\pexels-33918746-latin-breakfast-terrace.mp4","https://www.pexels.com/video/scenic-beachfront-view-from-terrace-on-cloudy-day-33918746/","pexels query Latin breakfast terrace","https://www.pexels.com/video/scenic-beachfront-view-from-terrace-on-cloudy-day-33918746/","Mustafa Çay","Pexels License","yes","recommended","yes","Auto-sourced during render on 2026-08-11T12:09:27.6432995+01:00. Query: Latin breakfast terrace."
"C:\Users\willi\Documents\Codex\2026-06-06\i-want-to-create-something-that\outputs\jazz-content-scheduler\visual-sources\approved-videos\pixabay-311199-sunset-beach-with-samba-energy-and-warm-colors.mp4","Pixabay video 311199","ocean, detail, beach, sea, shore, surface, calm, light, gold, sunlight, sunrise, tranquil, coastal, sunset, warm, bright, shallow, stone, seacoast, rocky, closeup pixabay query Sunset beach with samba energy and warm colors","https://pixabay.com/videos/id-311199/","Mario_Krimer","Pixabay Content License","yes","not required","yes","Auto-sourced during render on 2026-08-11T12:13:53.1280174+01:00. Query: Sunset beach with samba energy and warm colors."
"C:\Users\willi\Documents\Codex\2026-06-06\i-want-to-create-something-that\outputs\jazz-content-scheduler\visual-sources\approved-videos\pixabay-135658-golden-samba-rhythm.mp4","Pixabay video 135658","ocean, beach, sunset, sea, atmosphere, relaxing, relaxation, ocean waves, dream destination, 4k, golden sunset, nature pixabay query golden samba rhythm","https://pixabay.com/videos/id-135658/","Natures_Embrace","Pixabay Content License","yes","not required","yes","Auto-sourced during render on 2026-08-11T12:16:14.3366302+01:00. Query: golden samba rhythm."
"C:\Users\willi\Documents\Codex\2026-06-06\i-want-to-create-something-that\outputs\jazz-content-scheduler\visual-sources\approved-videos\pexels-31492528-upright-bass.mp4","https://www.pexels.com/video/street-cellist-performing-in-urban-setting-31492528/","pexels query upright bass","https://www.pexels.com/video/street-cellist-performing-in-urban-setting-31492528/","Aleksandr Fedorov","Pexels License","yes","recommended","yes","Auto-sourced during render on 2026-08-11T12:21:53.3624224+01:00. Query: upright bass."
"C:\Users\willi\Documents\Codex\2026-06-06\i-want-to-create-something-that\outputs\jazz-content-scheduler\visual-sources\approved-videos\pixabay-21116-grand-piano-at-night-in-a-small-jazz-club.mp4","Pixabay video 21116","seoul, street, night, neon, traffic, lights, road, cars, vehicles, people, movement, live wallpaper pixabay query Grand piano at night in a small jazz club","https://pixabay.com/videos/id-21116/","RafterJr72","Pixabay Content License","yes","not required","yes","Auto-sourced during render on 2026-08-11T12:24:33.8718400+01:00. Query: Grand piano at night in a small jazz club."
"C:\Users\willi\Documents\Codex\2026-06-06\i-want-to-create-something-that\outputs\jazz-content-scheduler\visual-sources\approved-videos\pixabay-84573-lamp.mp4","Pixabay video 84573","lamp, street, tree, evening, city, urban, lightbulb, forest, park, wind pixabay query lamp","https://pixabay.com/videos/id-84573/","Engin_Akyurt","Pixabay Content License","yes","not required","yes","Auto-sourced during render on 2026-08-11T12:31:37.4774900+01:00. Query: lamp."
"C:\Users\willi\Documents\Codex\2026-06-06\i-want-to-create-something-that\outputs\jazz-content-scheduler\visual-sources\approved-videos\pixabay-118275-rainy-bedroom-window.mp4","Pixabay video 118275","broom, rain, rainy day, blossoms pixabay query rainy bedroom window","https://pixabay.com/videos/id-118275/","adege","Pixabay Content License","yes","not required","yes","Auto-sourced during render on 2026-08-11T12:34:37.8823631+01:00. Query: rainy bedroom window."
"C:\Users\willi\Documents\Codex\2026-06-06\i-want-to-create-something-that\outputs\jazz-content-scheduler\visual-sources\approved-videos\pixabay-1001-lamp.mp4","Pixabay video 1001","night, bokeh, lights, city, blur, street, beautiful wallpaper, town, lamps, colorful, blurred lights, dark, background pixabay query lamp","https://pixabay.com/videos/id-1001/","Coverr-Free-Footage","Pixabay Content License","yes","not required","yes","Auto-sourced during render on 2026-08-14T09:56:18.1785926+01:00. Query: lamp."
"C:\Users\willi\Documents\Codex\2026-06-06\i-want-to-create-something-that\outputs\jazz-content-scheduler\visual-sources\approved-videos\pixabay-239514-warm-desk-lamp-ambience.mp4","Pixabay video 239514","fire, fireplace, campfire, bonfire, christmas, warm and cozy, relaxing fireplace, crackling fireplace pixabay query warm desk lamp ambience","https://pixabay.com/videos/id-239514/","BFCMUSIC","Pixabay Content License","yes","not required","yes","Auto-sourced during render on 2026-08-14T09:59:22.1777906+01:00. Query: warm desk lamp ambience."
"C:\Users\willi\Documents\Codex\2026-06-06\i-want-to-create-something-that\outputs\jazz-content-scheduler\visual-sources\approved-videos\pexels-34219237-blue-hour-patio-with-coffee-cups-and-soft-outdoor-lights.mp4","https://www.pexels.com/video/outdoor-breakfast-with-coffee-and-pastries-34219237/","pexels query Blue hour patio with coffee cups and soft outdoor lights","https://www.pexels.com/video/outdoor-breakfast-with-coffee-and-pastries-34219237/","Fernanda Neitzel","Pexels License","yes","recommended","yes","Auto-sourced during render on 2026-08-14T10:02:41.9059452+01:00. Query: Blue hour patio with coffee cups and soft outdoor lights."
"C:\Users\willi\Documents\Codex\2026-06-06\i-want-to-create-something-that\outputs\jazz-content-scheduler\visual-sources\approved-videos\pixabay-204006-blue-hour-patio-with-coffee-cups-and-soft-outdoor-lights.mp4","Pixabay video 204006","sky, clouds, fluffy, sunset, golden hour, travel, sun, 4k pixabay query Blue hour patio with coffee cups and soft outdoor lights","https://pixabay.com/videos/id-204006/","D-GM","Pixabay Content License","yes","not required","yes","Auto-sourced during render on 2026-08-14T10:04:19.9265811+01:00. Query: Blue hour patio with coffee cups and soft outdoor lights."
"C:\Users\willi\Documents\Codex\2026-06-06\i-want-to-create-something-that\outputs\jazz-content-scheduler\visual-sources\approved-videos\pexels-31472903-grand-piano-at-night.mp4","https://www.pexels.com/video/live-jazz-piano-performance-in-club-atmosphere-31472903/","pexels query grand piano at night","https://www.pexels.com/video/live-jazz-piano-performance-in-club-atmosphere-31472903/","Israyosoy S.","Pexels License","yes","recommended","yes","Auto-sourced during render on 2026-08-14T10:08:55.8446216+01:00. Query: grand piano at night."
"C:\Users\willi\Documents\Codex\2026-06-06\i-want-to-create-something-that\outputs\jazz-content-scheduler\visual-sources\approved-videos\pexels-10222218-midnight-piano-lounge.mp4","https://www.pexels.com/video/hand-sliding-over-piano-keys-10222218/","pexels query midnight piano lounge","https://www.pexels.com/video/hand-sliding-over-piano-keys-10222218/","cottonbro studio","Pexels License","yes","recommended","yes","Auto-sourced during render on 2026-08-14T10:11:22.5759838+01:00. Query: midnight piano lounge."
"C:\Users\willi\Documents\Codex\2026-06-06\i-want-to-create-something-that\outputs\jazz-content-scheduler\visual-sources\approved-videos\pixabay-261423-skyline-at-blue-hour-with-lights-turning-on.mp4","Pixabay video 261423","city, buildings, cityscape, skyline pixabay query Skyline at blue hour with lights turning on","https://pixabay.com/videos/id-261423/","conghuynh8","Pixabay Content License","yes","not required","yes","Auto-sourced during render on 2026-08-14T10:17:13.6507903+01:00. Query: Skyline at blue hour with lights turning on."
"C:\Users\willi\Documents\Codex\2026-06-06\i-want-to-create-something-that\outputs\jazz-content-scheduler\visual-sources\approved-videos\pixabay-23064-skyline-at-blue-hour-with-lights-turning-on.mp4","Pixabay video 23064","marina, bahamas, drone, skyline, water, yacht, boat, horizon, paradise, island, boating, tropical, nature, caribbean, ocean, sea, blue pixabay query Skyline at blue hour with lights turning on","https://pixabay.com/videos/id-23064/","Nassau_Yacht_Haven_Marina","Pixabay Content License","yes","not required","yes","Auto-sourced during render on 2026-08-14T10:20:08.9867467+01:00. Query: Skyline at blue hour with lights turning on."
"C:\Users\willi\Documents\Codex\2026-06-06\i-want-to-create-something-that\outputs\jazz-content-scheduler\visual-sources\approved-videos\pexels-6670702-minimalist-studio-with-instruments.mp4","https://www.pexels.com/video/a-man-is-music-recording-using-his-mobile-phone-6670702/","pexels query Minimalist studio with instruments","https://www.pexels.com/video/a-man-is-music-recording-using-his-mobile-phone-6670702/","Tima Miroshnichenko","Pexels License","yes","recommended","yes","Auto-sourced during render on 2026-08-14T10:24:23.0039954+01:00. Query: Minimalist studio with instruments."
"C:\Users\willi\Documents\Codex\2026-06-06\i-want-to-create-something-that\outputs\jazz-content-scheduler\visual-sources\approved-videos\pixabay-8173-minimalist-studio-with-instruments.mp4","Pixabay video 8173","percussion, music, nightclub, drums, live, musical instrument pixabay query Minimalist studio with instruments","https://pixabay.com/videos/id-8173/","Alessandro89","Pixabay Content License","yes","not required","yes","Auto-sourced during render on 2026-08-14T10:25:49.3071166+01:00. Query: Minimalist studio with instruments."
